,alcohol,quality
count,1599.0,1599.0
mean,10.422983114446529,5.6360225140712945
std,1.0656675818473946,0.807569439734705
min,8.4,3.0
25%,9.5,5.0
50%,10.2,6.0
75%,11.1,6.0
max,14.9,8.0
